id,first_name,last_name,email,gender,ip_address
1,Hadley,Winkle,hwinkle0@jigsy.com,Bigender,113.186.130.51
2,Gun,Cowpertwait,gcowpertwait1@digg.com,Agender,181.33.47.193
3,Antonius,Oselton,aoselton2@ed.gov,Male,43.194.95.163
4,Katherina,Mallock,kmallock3@shutterfly.com,Agender,80.73.97.242
5,Isidor,MacCombe,imaccombe4@posterous.com,Polygender,44.127.205.33
6,Korrie,Maddock,kmaddock5@wunderground.com,Female,254.112.21.208
7,Adria,Atcock,aatcock6@cdc.gov,Male,123.181.226.227
8,Hilliard,Kersting,hkersting7@geocities.jp,Bigender,47.177.76.234
9,Adham,Lindsey,alindsey8@homestead.com,Bigender,82.253.43.208
10,Dominga,Isakovic,disakovic9@shinystat.com,Male,128.148.76.29
11,Midge,Elsmor,melsmora@phpbb.com,Male,226.33.220.18
12,Simone,Fillingham,sfillinghamb@cnn.com,Bigender,201.27.236.17
13,Nicolas,Reilly,nreillyc@cdbaby.com,Male,28.61.199.16
14,Towny,Iannazzi,tiannazzid@simplemachines.org,Genderqueer,159.200.153.42
15,Cindee,Slobom,cslobome@mediafire.com,Non-binary,159.208.89.228
16,Simone,Law,slawf@un.org,Genderqueer,108.171.109.15
17,Stefa,Heaviside,sheavisideg@sphinn.com,Agender,106.120.88.235
18,Manda,Ortzen,mortzenh@goo.ne.jp,Genderqueer,99.245.13.179
19,Leeanne,Mauro,lmauroi@mlb.com,Agender,220.35.101.14
20,Legra,Upcraft,lupcraftj@fotki.com,Female,61.184.235.230
21,Marieann,Dies,mdiesk@reuters.com,Male,202.157.15.172
22,Guinna,Galer,ggalerl@yolasite.com,Female,102.26.90.205
23,Bary,Wethers,bwethersm@yellowpages.com,Female,223.15.126.93
24,Law,Mussettini,lmussettinin@gravatar.com,Genderfluid,123.22.82.84
25,Almeria,Sawl,asawlo@vimeo.com,Male,176.6.79.14
26,Philipa,Budding,pbuddingp@4shared.com,Polygender,75.12.211.102
27,Mignonne,Infantino,minfantinoq@cbc.ca,Genderfluid,113.180.1.235
28,Loydie,Flannery,lflanneryr@prlog.org,Polygender,65.89.8.87
29,Kyle,Dwelley,kdwelleys@vimeo.com,Polygender,48.10.96.3
30,Antone,Dresser,adressert@webnode.com,Genderfluid,112.250.199.240
31,Cosette,Bog,cbogu@usatoday.com,Genderqueer,147.246.133.80
32,Neal,MacVagh,nmacvaghv@gov.uk,Genderfluid,218.16.205.151
33,Yorgo,Sagerson,ysagersonw@boston.com,Female,147.255.13.55
34,Roda,Charsley,rcharsleyx@deliciousdays.com,Female,118.226.95.25
35,Burr,Finnick,bfinnicky@comcast.net,Female,61.109.74.50
36,Salim,Gouldthorp,sgouldthorpz@sciencedirect.com,Agender,230.136.230.81
37,Tilly,Kennion,tkennion10@1688.com,Polygender,126.112.199.73
38,Latia,Lannin,llannin11@blogtalkradio.com,Non-binary,70.17.183.155
39,Fernanda,Howgill,fhowgill12@marriott.com,Male,166.48.176.186
40,Ted,Bofield,tbofield13@eventbrite.com,Agender,123.140.151.170
41,Elianore,Davidwitz,edavidwitz14@samsung.com,Bigender,145.81.83.234
42,Terri,Braidley,tbraidley15@netlog.com,Non-binary,112.133.248.144
43,Prisca,Sheerman,psheerman16@istockphoto.com,Bigender,175.219.246.93
44,Linnet,Chopin,lchopin17@pinterest.com,Female,77.213.25.255
45,Cymbre,Kirkebye,ckirkebye18@so-net.ne.jp,Polygender,231.134.108.242
46,Leonardo,Graeber,lgraeber19@eventbrite.com,Male,142.3.154.105
47,Jody,Metherell,jmetherell1a@is.gd,Male,240.138.40.33
48,Denny,Pepi,dpepi1b@privacy.gov.au,Non-binary,111.204.205.156
49,Morse,Mollene,mmollene1c@businesswire.com,Male,231.106.101.77
50,Emmey,Bonsul,ebonsul1d@mtv.com,Female,61.34.129.56
51,Latrina,Gurwood,lgurwood1e@senate.gov,Bigender,237.225.14.109
52,Lorita,Folonin,lfolonin1f@shinystat.com,Polygender,156.171.120.149
53,Edithe,Lehrmann,elehrmann1g@shop-pro.jp,Female,5.13.197.82
54,Stacey,Coil,scoil1h@alexa.com,Genderfluid,138.66.96.64
55,Carney,Amyes,camyes1i@networkadvertising.org,Agender,187.1.222.149
56,Ame,Attwoul,aattwoul1j@princeton.edu,Agender,192.75.128.220
57,Garrett,Klawi,gklawi1k@trellian.com,Non-binary,97.210.151.19
58,Ivan,Scranny,iscranny1l@dyndns.org,Agender,111.135.173.8
59,Patric,Riccetti,priccetti1m@mayoclinic.com,Polygender,12.13.98.18
60,Jerrie,Franceschi,jfranceschi1n@google.com.hk,Polygender,28.188.63.166
61,Tatiania,Hubbard,thubbard1o@mozilla.com,Male,171.164.200.129
62,Leopold,Bugden,lbugden1p@hatena.ne.jp,Bigender,85.9.86.28
63,Aguie,Sommersett,asommersett1q@liveinternet.ru,Bigender,131.102.240.187
64,Herrick,Hellicar,hhellicar1r@mtv.com,Non-binary,134.5.28.228
65,Skipper,Mennell,smennell1s@bigcartel.com,Polygender,210.206.151.170
66,Mandel,Crossman,mcrossman1t@wordpress.org,Genderfluid,124.69.191.242
67,Charmain,Eseler,ceseler1u@oaic.gov.au,Polygender,149.1.16.20
68,Prescott,Meriel,pmeriel1v@businessweek.com,Genderqueer,155.226.65.64
69,Sharia,Klimochkin,sklimochkin1w@google.it,Genderfluid,27.3.140.212
70,Shirleen,Worsley,sworsley1x@github.com,Bigender,197.227.116.254
71,Meyer,Romaine,mromaine1y@addthis.com,Agender,85.123.82.193
72,Rayshell,Bastard,rbastard1z@howstuffworks.com,Polygender,77.164.220.82
73,Richie,Fielden,rfielden20@miibeian.gov.cn,Polygender,232.99.67.39
74,Violante,Brilon,vbrilon21@ft.com,Polygender,200.198.246.18
75,Dicky,Baybutt,dbaybutt22@blinklist.com,Genderqueer,22.154.237.239
76,Nikola,Rodrigues,nrodrigues23@ehow.com,Agender,176.151.207.244
77,Salomi,Pierse,spierse24@over-blog.com,Male,21.121.130.106
78,Rey,Doerren,rdoerren25@nba.com,Genderfluid,57.227.120.96
79,Elisabet,Kobierzycki,ekobierzycki26@ebay.co.uk,Genderqueer,49.44.72.92
80,Abbot,Connolly,aconnolly27@cafepress.com,Genderfluid,231.251.91.165
81,Sophey,Meech,smeech28@discuz.net,Genderfluid,106.111.196.39
82,Yuma,Tallman,ytallman29@mozilla.com,Female,216.198.110.47
83,Joye,O'Reilly,joreilly2a@google.de,Genderfluid,246.156.33.232
84,Sibyl,Fowlds,sfowlds2b@de.vu,Agender,124.18.129.100
85,Lenna,Quelch,lquelch2c@yellowpages.com,Agender,125.121.164.157
86,Lindy,Le Friec,llefriec2d@last.fm,Genderfluid,183.153.75.134
87,Ches,Hodges,chodges2e@phoca.cz,Male,27.123.179.38
88,Brose,Gregori,bgregori2f@blinklist.com,Non-binary,7.1.58.96
89,Anni,Dust,adust2g@accuweather.com,Non-binary,18.7.210.84
90,Denver,Pedron,dpedron2h@va.gov,Genderqueer,253.59.110.169
91,Marleen,McKinnell,mmckinnell2i@taobao.com,Non-binary,83.80.206.212
92,Randal,Edney,redney2j@irs.gov,Female,234.190.87.40
93,Elliot,Pitsall,epitsall2k@irs.gov,Agender,152.38.184.240
94,Alethea,Storrie,astorrie2l@photobucket.com,Female,215.176.0.78
95,Cam,Dangl,cdangl2m@livejournal.com,Female,142.182.186.21
96,Allyn,Banks,abanks2n@psu.edu,Female,225.125.133.61
97,Randie,Spanswick,rspanswick2o@amazon.com,Non-binary,213.243.216.135
98,Brad,Djokic,bdjokic2p@stumbleupon.com,Genderqueer,223.174.254.107
99,Morty,Paterson,mpaterson2q@friendfeed.com,Agender,171.138.126.194
100,Thedric,Skelding,tskelding2r@mozilla.com,Genderfluid,240.9.253.167
101,Donna,McLaggan,dmclaggan2s@posterous.com,Genderfluid,44.205.230.254
102,Carr,Tommen,ctommen2t@scribd.com,Agender,95.64.34.56
103,Doralyn,McIndrew,dmcindrew2u@photobucket.com,Polygender,150.206.114.64
104,Mandie,Tatem,mtatem2v@google.it,Bigender,48.35.37.0
105,Melessa,Sage,msage2w@unesco.org,Female,12.138.5.149
106,Catarina,De'Vere - Hunt,cdeverehunt2x@abc.net.au,Male,109.121.121.148
107,Gino,Edens,gedens2y@army.mil,Non-binary,232.48.165.175
108,Mariya,Letessier,mletessier2z@blog.com,Female,150.188.150.106
109,Darrelle,Vacher,dvacher30@arstechnica.com,Agender,104.235.65.174
110,Sly,Drake,sdrake31@uiuc.edu,Genderqueer,118.246.89.118
111,Duffy,Flower,dflower32@hhs.gov,Genderfluid,129.219.158.115
112,Gracia,MacCafferky,gmaccafferky33@phoca.cz,Bigender,6.215.94.31
113,Frasquito,Huxter,fhuxter34@google.de,Genderfluid,163.159.94.4
114,Rudolfo,Goodier,rgoodier35@hao123.com,Genderqueer,129.82.33.210
115,Margareta,Menichelli,mmenichelli36@toplist.cz,Genderfluid,70.223.67.134
116,Darcie,Baroux,dbaroux37@de.vu,Bigender,202.141.52.171
117,Johnette,Hazeltine,jhazeltine38@comsenz.com,Female,81.234.185.155
118,Armstrong,Boundey,aboundey39@psu.edu,Bigender,99.133.193.234
119,Jessamyn,Shreeve,jshreeve3a@liveinternet.ru,Polygender,65.127.106.143
120,Sawyere,Antrag,santrag3b@imgur.com,Genderqueer,80.116.168.225
121,Sybyl,McGilroy,smcgilroy3c@mapquest.com,Polygender,161.120.228.179
122,Renaud,Tallow,rtallow3d@omniture.com,Male,212.197.188.94
123,Prentiss,Smetoun,psmetoun3e@wordpress.com,Non-binary,218.199.207.188
124,Salomone,Tiebe,stiebe3f@narod.ru,Non-binary,252.33.222.159
125,Cristy,MacPaik,cmacpaik3g@infoseek.co.jp,Agender,156.78.83.30
126,Filberto,Spall,fspall3h@bing.com,Agender,130.26.126.104
127,Estevan,Crimin,ecrimin3i@buzzfeed.com,Female,38.107.19.249
128,Karlie,Blunt,kblunt3j@angelfire.com,Polygender,173.239.203.52
129,Dorothea,Slinger,dslinger3k@jalbum.net,Polygender,38.77.155.112
130,Roanne,Manby,rmanby3l@google.pl,Female,225.26.2.223
131,Eula,Mundell,emundell3m@typepad.com,Agender,70.26.236.177
132,Celestyn,Vanini,cvanini3n@independent.co.uk,Bigender,155.3.247.78
133,Lurlene,O' Timony,lotimony3o@cbc.ca,Agender,228.54.148.79
134,Melody,Boyen,mboyen3p@ca.gov,Polygender,67.234.48.222
135,Rabi,Marginson,rmarginson3q@hud.gov,Bigender,50.15.11.207
136,Edeline,Banfield,ebanfield3r@mail.ru,Male,254.59.169.90
137,Jillayne,Gilbeart,jgilbeart3s@stumbleupon.com,Agender,7.42.199.228
138,Yuma,Kingswoode,ykingswoode3t@mozilla.org,Polygender,130.155.199.33
139,Becky,Steinham,bsteinham3u@ycombinator.com,Genderfluid,105.159.201.223
140,Jacob,Pepon,jpepon3v@istockphoto.com,Polygender,93.82.178.192
141,Jodie,Sutty,jsutty3w@home.pl,Genderqueer,3.181.158.7
142,Saunders,Lochead,slochead3x@dailymotion.com,Male,32.140.209.86
143,Allyson,Vickerstaff,avickerstaff3y@g.co,Agender,191.97.201.66
144,Antonio,Lapthorn,alapthorn3z@dyndns.org,Genderqueer,150.100.73.80
145,Aggi,Vigurs,avigurs40@virginia.edu,Agender,123.6.43.147
146,Maureene,Raggatt,mraggatt41@alexa.com,Non-binary,238.37.163.48
147,Carny,McCarney,cmccarney42@google.co.jp,Polygender,222.136.21.194
148,Dame,Thursfield,dthursfield43@live.com,Male,70.100.63.233
149,Sanford,Spedding,sspedding44@tiny.cc,Male,181.3.82.28
150,Vally,Yerill,vyerill45@tinyurl.com,Polygender,223.173.154.6
151,Nicky,Tudhope,ntudhope46@joomla.org,Genderqueer,64.149.58.42
152,Justus,Linn,jlinn47@amazon.com,Genderfluid,47.220.153.38
153,Kasey,Greenard,kgreenard48@trellian.com,Non-binary,16.45.54.65
154,Thedric,Jimpson,tjimpson49@ask.com,Genderfluid,189.9.77.146
155,Cammi,Lazell,clazell4a@theglobeandmail.com,Non-binary,192.59.39.68
156,Atalanta,McKeney,amckeney4b@techcrunch.com,Non-binary,138.39.91.89
157,Carmon,Biford,cbiford4c@seesaa.net,Genderqueer,52.236.140.235
158,Jannel,Whitlow,jwhitlow4d@nifty.com,Genderqueer,249.49.242.221
159,Chelsea,West-Frimley,cwestfrimley4e@cbslocal.com,Female,228.115.245.27
160,Ingunna,Doodson,idoodson4f@qq.com,Genderqueer,91.33.93.49
161,Darcey,Rodgers,drodgers4g@harvard.edu,Non-binary,23.66.26.135
162,Blakelee,Ower,bower4h@bandcamp.com,Genderfluid,59.87.157.42
163,Travers,Beams,tbeams4i@merriam-webster.com,Non-binary,111.85.81.208
164,Alister,Peedell,apeedell4j@businesswire.com,Agender,24.131.0.189
165,Blinny,Pedracci,bpedracci4k@simplemachines.org,Genderqueer,213.123.34.175
166,Marilyn,Conklin,mconklin4l@chicagotribune.com,Genderfluid,135.103.124.116
167,Vernon,Briance,vbriance4m@opera.com,Agender,125.165.137.49
168,Chick,Tapsell,ctapsell4n@shinystat.com,Male,89.81.60.148
169,Rozamond,Caswill,rcaswill4o@ycombinator.com,Non-binary,205.212.158.218
170,Carmelina,Rosbrough,crosbrough4p@gnu.org,Polygender,182.119.247.235
171,Rafa,Petrosian,rpetrosian4q@answers.com,Polygender,235.11.166.128
172,Mari,Deedes,mdeedes4r@pcworld.com,Polygender,168.248.210.125
173,Alanah,Carpenter,acarpenter4s@nature.com,Polygender,192.47.165.164
174,Teddie,Geffe,tgeffe4t@nhs.uk,Non-binary,206.199.125.254
175,Bernardine,Godart,bgodart4u@devhub.com,Bigender,166.207.94.253
176,Byran,Stansfield,bstansfield4v@themeforest.net,Female,90.165.242.210
177,Robinette,Crane,rcrane4w@latimes.com,Non-binary,161.88.207.142
178,Claudetta,Larratt,clarratt4x@cdbaby.com,Agender,189.231.44.112
179,Lanny,Abriani,labriani4y@imdb.com,Male,196.28.116.49
180,Mandi,Loude,mloude4z@w3.org,Genderqueer,51.195.220.88
181,Berna,Caser,bcaser50@arstechnica.com,Polygender,158.157.47.129
182,Bonnie,Duns,bduns51@dailymotion.com,Genderfluid,210.145.87.239
183,De,Thuillier,dthuillier52@privacy.gov.au,Male,24.64.105.88
184,Tadeas,Darko,tdarko53@amazonaws.com,Bigender,190.22.16.13
185,Xena,Offer,xoffer54@51.la,Genderqueer,80.59.176.111
186,Reube,Littlemore,rlittlemore55@1688.com,Agender,26.69.30.108
187,Amaleta,Hursthouse,ahursthouse56@google.co.uk,Non-binary,51.146.88.248
188,Gerladina,Sambrook,gsambrook57@indiatimes.com,Male,188.169.35.197
189,Sara-ann,Cunrado,scunrado58@plala.or.jp,Genderqueer,226.8.212.250
190,Salvador,Kitcher,skitcher59@skype.com,Genderfluid,32.55.175.200
191,Brnaby,Ginnell,bginnell5a@hugedomains.com,Female,156.199.13.215
192,Mary,Padkin,mpadkin5b@bravesites.com,Female,81.150.41.222
193,Moselle,McVeagh,mmcveagh5c@ox.ac.uk,Male,212.125.136.52
194,Emily,Airth,eairth5d@dailymotion.com,Agender,231.13.204.65
195,Rosaleen,Joslin,rjoslin5e@symantec.com,Genderfluid,68.145.80.176
196,Emily,Caldeyroux,ecaldeyroux5f@w3.org,Male,3.140.222.72
197,Allard,Riedel,ariedel5g@51.la,Female,28.56.52.227
198,Angel,Godwyn,agodwyn5h@free.fr,Non-binary,4.217.97.139
199,Emory,Wanstall,ewanstall5i@slideshare.net,Female,253.31.98.129
200,Hettie,Ransom,hransom5j@goo.gl,Bigender,189.96.14.236
201,Raynell,Moffet,rmoffet5k@chicagotribune.com,Non-binary,123.41.20.144
202,Stillmann,Mc Grath,smcgrath5l@symantec.com,Male,75.140.252.20
203,Austina,Plaskitt,aplaskitt5m@com.com,Genderqueer,39.93.80.59
204,Addia,Stoneley,astoneley5n@w3.org,Genderfluid,186.141.36.37
205,Correy,Antrobus,cantrobus5o@hexun.com,Polygender,191.236.133.83
206,Diego,Athey,dathey5p@discovery.com,Bigender,143.196.135.205
207,York,Sebright,ysebright5q@ehow.com,Genderfluid,87.185.108.50
208,Kora,Mithan,kmithan5r@slideshare.net,Genderqueer,76.71.103.86
209,Chiarra,Jaffra,cjaffra5s@creativecommons.org,Polygender,18.182.175.26
210,Tootsie,Windous,twindous5t@de.vu,Male,206.37.124.115
211,Janaye,Basnett,jbasnett5u@taobao.com,Bigender,70.99.188.36
212,Orelee,Serrell,oserrell5v@scribd.com,Male,138.132.152.247
213,Caldwell,Beaves,cbeaves5w@drupal.org,Non-binary,119.174.53.154
214,Matilda,Itskovitz,mitskovitz5x@alibaba.com,Genderfluid,228.92.37.5
215,Arleyne,Mogey,amogey5y@cargocollective.com,Agender,203.134.156.235
216,Filberto,Janota,fjanota5z@prweb.com,Non-binary,166.255.233.209
217,Wes,Caunt,wcaunt60@yolasite.com,Genderfluid,182.189.246.194
218,Joaquin,Glasscott,jglasscott61@foxnews.com,Polygender,104.250.105.211
219,Spenser,Brouncker,sbrouncker62@prlog.org,Polygender,131.225.101.30
220,Brande,Boniface,bboniface63@cbc.ca,Non-binary,29.79.15.79
221,June,Hebbes,jhebbes64@google.de,Genderfluid,227.70.154.183
222,Orrin,Burnhill,oburnhill65@abc.net.au,Genderfluid,254.130.209.118
223,Kennedy,Vigers,kvigers66@bandcamp.com,Female,41.220.59.68
224,Ritchie,Hallyburton,rhallyburton67@dagondesign.com,Male,228.216.56.200
225,Salome,Katz,skatz68@soundcloud.com,Male,17.124.239.234
226,Ulrika,Fairbourne,ufairbourne69@comsenz.com,Female,15.54.64.32
227,Eustace,Murfin,emurfin6a@google.com.hk,Agender,66.118.186.5
228,Mella,Di Lucia,mdilucia6b@army.mil,Female,65.119.149.227
229,Clarita,Grieveson,cgrieveson6c@japanpost.jp,Non-binary,151.60.122.6
230,Debora,Conerding,dconerding6d@1und1.de,Agender,94.11.34.149
231,Tina,Filliskirk,tfilliskirk6e@wikipedia.org,Polygender,128.85.182.226
232,Roseanna,Carwithan,rcarwithan6f@epa.gov,Non-binary,38.178.146.236
233,Leslie,Ladson,lladson6g@dot.gov,Female,202.184.104.103
234,Eunice,Truesdale,etruesdale6h@meetup.com,Non-binary,229.176.215.176
235,Edd,Beavon,ebeavon6i@va.gov,Agender,144.71.192.114
236,Vinnie,Rowet,vrowet6j@phoca.cz,Bigender,130.197.68.111
237,Mariska,Cashman,mcashman6k@theatlantic.com,Genderfluid,210.92.31.100
238,Minna,Tidbold,mtidbold6l@dion.ne.jp,Bigender,226.233.181.107
239,Janette,Sowrey,jsowrey6m@xing.com,Non-binary,36.79.10.208
240,Andreana,Goodenough,agoodenough6n@weibo.com,Polygender,114.184.49.114
241,Lorette,Matches,lmatches6o@reddit.com,Polygender,39.222.125.248
242,Sheree,Bernuzzi,sbernuzzi6p@examiner.com,Male,17.37.236.173
243,Timmy,Percifer,tpercifer6q@harvard.edu,Agender,10.124.251.64
244,Kathe,Dyers,kdyers6r@cnet.com,Agender,81.204.177.144
245,Avram,De Dantesie,adedantesie6s@goo.ne.jp,Male,48.47.172.216
246,Jeffie,Bothe,jbothe6t@java.com,Non-binary,120.69.156.211
247,Derick,Connaughton,dconnaughton6u@yolasite.com,Bigender,127.138.194.198
248,Jada,Gribbon,jgribbon6v@utexas.edu,Genderfluid,150.121.58.148
249,Gratiana,Hapgood,ghapgood6w@51.la,Bigender,45.34.122.193
250,Mano,Perch,mperch6x@bloglovin.com,Genderqueer,109.247.108.39
251,Barbara-anne,Farry,bfarry6y@edublogs.org,Genderqueer,1.75.40.64
252,Shara,Conibere,sconibere6z@soup.io,Female,195.97.246.126
253,Alfy,McMeyler,amcmeyler70@twitpic.com,Genderqueer,223.15.166.46
254,Lin,Pulhoster,lpulhoster71@canalblog.com,Genderqueer,100.175.172.31
255,Augusta,Ghilardi,aghilardi72@cargocollective.com,Polygender,31.172.104.65
256,Suzette,Bridell,sbridell73@biglobe.ne.jp,Male,185.51.60.3
257,Sibylla,Corryer,scorryer74@phpbb.com,Agender,154.105.199.207
258,Monro,Tavener,mtavener75@mashable.com,Non-binary,218.13.103.196
259,Mendy,Naul,mnaul76@oakley.com,Genderfluid,170.208.125.72
260,Lorena,Sage,lsage77@51.la,Male,191.49.136.249
261,Brennen,Amsden,bamsden78@un.org,Polygender,31.57.228.150
262,Isidore,Dei,idei79@jalbum.net,Bigender,228.250.237.89
263,Alanna,Backe,abacke7a@ycombinator.com,Female,226.151.38.136
264,Vivie,Walicki,vwalicki7b@purevolume.com,Non-binary,161.226.9.200
265,Carline,Syms,csyms7c@xinhuanet.com,Genderfluid,43.5.247.93
266,Cherey,Kenrack,ckenrack7d@ocn.ne.jp,Genderqueer,181.197.2.206
267,Dorie,Isted,disted7e@globo.com,Male,94.156.80.145
268,Bale,Trood,btrood7f@vk.com,Female,248.10.142.232
269,Tybalt,Letchmore,tletchmore7g@lycos.com,Non-binary,137.35.98.66
270,Granthem,Scriviner,gscriviner7h@time.com,Genderqueer,57.53.163.17
271,Nolie,Denniston,ndenniston7i@people.com.cn,Bigender,217.136.71.7
272,Jameson,Ramelet,jramelet7j@msu.edu,Agender,202.112.79.78
273,Celene,Trowell,ctrowell7k@bloglovin.com,Polygender,241.25.230.192
274,Alysa,Gajownik,agajownik7l@vkontakte.ru,Genderfluid,65.199.34.249
275,Clarey,Backs,cbacks7m@cbc.ca,Polygender,25.172.22.251
276,Irma,Pezey,ipezey7n@themeforest.net,Female,208.162.229.85
277,Walsh,Langcaster,wlangcaster7o@meetup.com,Female,112.192.233.88
278,Thom,Bestiman,tbestiman7p@booking.com,Genderfluid,34.27.26.37
279,Valeria,Canniffe,vcanniffe7q@nymag.com,Male,146.132.215.241
280,Bentlee,Millson,bmillson7r@umn.edu,Genderqueer,58.91.56.15
281,Malia,Milksop,mmilksop7s@behance.net,Agender,192.22.17.57
282,Renee,Ayliffe,rayliffe7t@biblegateway.com,Bigender,209.88.158.165
283,Crawford,Nuzzi,cnuzzi7u@livejournal.com,Bigender,106.127.203.168
284,Bordy,Adne,badne7v@ibm.com,Genderfluid,172.48.111.130
285,Sidoney,Towll,stowll7w@spotify.com,Genderfluid,230.152.99.79
286,Yevette,Costell,ycostell7x@networksolutions.com,Male,253.197.147.166
287,Michel,Brasted,mbrasted7y@umn.edu,Polygender,187.205.102.144
288,Lib,Guiet,lguiet7z@quantcast.com,Agender,67.78.169.255
289,Sheeree,Litzmann,slitzmann80@sbwire.com,Agender,190.69.228.100
290,Robby,Stanlock,rstanlock81@list-manage.com,Bigender,27.119.47.82
291,Lonnard,Meekin,lmeekin82@mediafire.com,Non-binary,41.86.80.44
292,Hildy,Turneaux,hturneaux83@ucoz.ru,Genderqueer,44.119.15.223
293,Pacorro,Vasyagin,pvasyagin84@google.es,Female,163.72.89.220
294,Rafe,Sayward,rsayward85@simplemachines.org,Agender,211.58.21.169
295,Gearard,Myall,gmyall86@t.co,Non-binary,56.158.224.71
296,Andreas,Shapcott,ashapcott87@time.com,Agender,104.125.225.81
297,Imojean,Twist,itwist88@scribd.com,Agender,46.21.138.148
298,Kelsy,Klimt,kklimt89@redcross.org,Bigender,248.252.171.127
299,Jenny,Lindelof,jlindelof8a@aol.com,Genderqueer,179.39.161.88
300,Thoma,Empringham,tempringham8b@jigsy.com,Genderfluid,111.148.26.199
301,Annaliese,Smurfit,asmurfit8c@google.it,Female,203.127.165.220
302,Camel,Arnli,carnli8d@skype.com,Female,104.39.217.18
303,Kaycee,Mc Faul,kmcfaul8e@vistaprint.com,Agender,160.96.137.129
304,Ruprecht,Pollins,rpollins8f@xrea.com,Male,121.127.210.86
305,Hershel,Parken,hparken8g@netvibes.com,Genderfluid,73.32.117.119
306,Trumann,Hearst,thearst8h@marketwatch.com,Genderfluid,81.68.63.131
307,Lethia,Fellnee,lfellnee8i@state.gov,Genderfluid,236.206.94.109
308,Cecile,Craufurd,ccraufurd8j@shop-pro.jp,Genderfluid,245.77.47.55
309,Ermengarde,Vaune,evaune8k@shop-pro.jp,Genderqueer,81.51.11.176
310,Adella,Pinkie,apinkie8l@miibeian.gov.cn,Non-binary,35.121.134.132
311,Sella,Parsons,sparsons8m@un.org,Genderfluid,96.117.107.150
312,Ewan,Clayworth,eclayworth8n@mysql.com,Agender,25.88.203.144
313,Sibylle,Morit,smorit8o@linkedin.com,Male,254.133.99.180
314,Anna,Willmore,awillmore8p@behance.net,Agender,75.165.124.121
315,Rhianna,Bertome,rbertome8q@google.com.au,Female,221.142.125.173
316,Natal,Kenion,nkenion8r@utexas.edu,Male,240.69.237.108
317,Carola,Crayk,ccrayk8s@paginegialle.it,Genderqueer,3.201.68.227
318,Rachele,Staite,rstaite8t@arstechnica.com,Female,95.146.9.243
319,Hugues,Jewise,hjewise8u@reverbnation.com,Bigender,42.179.4.175
320,Maiga,Brunnen,mbrunnen8v@flickr.com,Polygender,107.43.199.198
321,Bret,Strahan,bstrahan8w@princeton.edu,Genderqueer,107.247.160.84
322,Viki,Crate,vcrate8x@wikispaces.com,Bigender,167.167.206.181
323,Niccolo,De Anesy,ndeanesy8y@toplist.cz,Genderfluid,49.72.216.154
324,Arni,Gercke,agercke8z@google.co.jp,Polygender,126.117.249.61
325,Wainwright,Fosdike,wfosdike90@google.co.jp,Polygender,154.181.28.81
326,Traci,Le Noir,tlenoir91@state.tx.us,Polygender,151.153.33.100
327,Alexandre,Shreve,ashreve92@macromedia.com,Genderqueer,175.182.40.3
328,Elias,Scala,escala93@arstechnica.com,Non-binary,31.171.234.230
329,Muffin,Zorzini,mzorzini94@wunderground.com,Bigender,85.15.216.220
330,Gregg,Edgington,gedgington95@drupal.org,Female,114.233.26.210
331,Elisabetta,D'Antuoni,edantuoni96@booking.com,Genderfluid,254.243.20.201
332,Bell,McCaghan,bmccaghan97@qq.com,Genderfluid,160.116.170.84
333,Michel,Sagg,msagg98@npr.org,Male,214.170.23.9
334,Patric,Botler,pbotler99@mlb.com,Genderfluid,83.30.55.126
335,Michaela,Crosskill,mcrosskill9a@123-reg.co.uk,Agender,1.180.179.210
336,Walther,De Antoni,wdeantoni9b@symantec.com,Polygender,61.106.0.7
337,Grace,Bittlestone,gbittlestone9c@blog.com,Female,209.150.85.185
338,Karlie,Deble,kdeble9d@topsy.com,Genderqueer,15.54.243.70
339,Maribeth,Haylor,mhaylor9e@amazon.co.uk,Genderqueer,70.210.225.157
340,Calypso,Amerighi,camerighi9f@yelp.com,Polygender,156.19.193.105
341,Junina,Dunkinson,jdunkinson9g@jimdo.com,Male,157.62.145.122
342,Berrie,Kenworth,bkenworth9h@flavors.me,Agender,96.41.67.87
343,Dorry,Wenderott,dwenderott9i@irs.gov,Agender,203.171.227.49
344,Meridel,Fontes,mfontes9j@marketwatch.com,Bigender,8.111.3.176
345,Mab,Bartlomiej,mbartlomiej9k@youtube.com,Polygender,76.174.195.18
346,Randolf,Arndell,rarndell9l@networkadvertising.org,Genderqueer,227.75.200.211
347,Aurelia,Houseago,ahouseago9m@photobucket.com,Non-binary,3.228.50.76
348,Willi,Seaward,wseaward9n@phoca.cz,Non-binary,136.38.113.214
349,Lyndsey,Brownlow,lbrownlow9o@cargocollective.com,Bigender,250.123.150.33
350,Loise,Costin,lcostin9p@vkontakte.ru,Agender,216.222.13.227
351,Caleb,Grob,cgrob9q@youtube.com,Genderqueer,149.216.249.155
352,Sherri,Barling,sbarling9r@ucsd.edu,Bigender,61.31.68.255
353,Margeaux,Klimsch,mklimsch9s@craigslist.org,Bigender,148.71.118.133
354,Gardiner,Turbard,gturbard9t@statcounter.com,Polygender,197.98.164.133
355,Isabelle,Thirlwell,ithirlwell9u@gmpg.org,Male,98.103.229.88
356,Petronilla,Indge,pindge9v@home.pl,Male,98.168.244.149
357,Jephthah,Signe,jsigne9w@springer.com,Agender,12.93.16.239
358,Danika,Esser,desser9x@wikimedia.org,Non-binary,18.119.152.171
359,Adaline,Coo,acoo9y@artisteer.com,Genderfluid,134.252.145.29
360,Wilhelmine,Derry,wderry9z@histats.com,Bigender,19.171.221.113
361,Aleta,McPhate,amcphatea0@nsw.gov.au,Bigender,124.183.222.162
362,Chandal,Stevens,cstevensa1@google.pl,Non-binary,62.5.162.183
363,Kally,McFadin,kmcfadina2@bizjournals.com,Polygender,168.208.33.114
364,Tommi,Corington,tcoringtona3@fc2.com,Bigender,3.161.142.59
365,Noelani,Pace,npacea4@washingtonpost.com,Non-binary,250.35.166.246
366,Roobbie,Andreuzzi,randreuzzia5@themeforest.net,Polygender,253.149.23.6
367,Mortie,Acey,maceya6@gov.uk,Genderqueer,138.153.15.163
368,Renate,Drohane,rdrohanea7@mapquest.com,Non-binary,160.226.208.101
369,Cathrine,Walliker,cwallikera8@unc.edu,Genderqueer,155.87.202.33
370,Lauretta,Simper,lsimpera9@qq.com,Polygender,214.54.131.36
371,Shauna,Semper,ssemperaa@irs.gov,Genderqueer,82.82.40.38
372,Wynn,Sawyer,wsawyerab@house.gov,Female,99.93.210.239
373,Hermy,Izachik,hizachikac@pbs.org,Female,9.225.133.91
374,Yvor,Krikorian,ykrikorianad@slashdot.org,Non-binary,76.61.142.140
375,Evita,Stryde,estrydeae@dmoz.org,Female,78.215.24.62
376,Amalita,Birkin,abirkinaf@wsj.com,Genderfluid,58.67.59.255
377,Adriaens,Rumbold,arumboldag@prnewswire.com,Genderqueer,106.119.127.70
378,Marja,Ubach,mubachah@huffingtonpost.com,Female,173.151.214.33
379,Brinna,Weerdenburg,bweerdenburgai@shinystat.com,Female,113.60.175.215
380,Matelda,Cattanach,mcattanachaj@altervista.org,Bigender,110.13.111.88
381,Creight,Gally,cgallyak@naver.com,Male,2.94.68.43
382,Mavis,Lacoste,mlacosteal@simplemachines.org,Genderqueer,181.205.37.87
383,Emera,Duckhouse,educkhouseam@comsenz.com,Female,92.104.102.55
384,Hali,Melburg,hmelburgan@bbb.org,Male,6.162.177.66
385,Naoma,Robecon,nrobeconao@merriam-webster.com,Genderqueer,21.93.106.203
386,Damon,Von Der Empten,dvonderemptenap@twitpic.com,Male,154.94.71.125
387,Jillene,Fairholme,jfairholmeaq@stanford.edu,Male,243.205.166.233
388,Eamon,Beak,ebeakar@howstuffworks.com,Non-binary,200.102.164.55
389,Norry,D'Onise,ndoniseas@google.cn,Male,55.204.63.89
390,Etti,Oakman,eoakmanat@gravatar.com,Polygender,59.253.181.162
391,Zola,Phelp,zphelpau@seattletimes.com,Female,161.65.249.32
392,Far,Clewarth,fclewarthav@paypal.com,Genderfluid,134.55.9.75
393,Kara,Kuhnel,kkuhnelaw@fda.gov,Female,98.56.19.35
394,Marin,Claydon,mclaydonax@state.tx.us,Genderfluid,209.43.231.35
395,Margalit,Vanyutin,mvanyutinay@apache.org,Male,214.45.41.50
396,Regan,Woolforde,rwoolfordeaz@youtu.be,Male,8.218.178.54
397,Peri,Ranscome,pranscomeb0@disqus.com,Polygender,1.140.216.4
398,Flynn,Hanna,fhannab1@epa.gov,Bigender,250.183.47.193
399,Alix,Wilman,awilmanb2@goodreads.com,Non-binary,202.178.229.183
400,Caleb,Vaun,cvaunb3@lycos.com,Non-binary,19.173.227.64
401,Adey,Dunsmore,adunsmoreb4@washingtonpost.com,Agender,5.142.43.107
402,Josefina,Steanson,jsteansonb5@state.gov,Polygender,218.73.109.219
403,Etheline,Houseman,ehousemanb6@yale.edu,Agender,25.88.242.32
404,Vic,Chippindall,vchippindallb7@seattletimes.com,Agender,135.16.218.12
405,Ebenezer,Lonsdale,elonsdaleb8@phpbb.com,Polygender,100.86.175.10
406,Fran,Rennock,frennockb9@squidoo.com,Female,4.93.150.166
407,Bank,Cornilli,bcornilliba@alexa.com,Agender,91.156.89.76
408,Vincent,Scatchard,vscatchardbb@globo.com,Polygender,213.122.243.119
409,Yolane,Grene,ygrenebc@elegantthemes.com,Male,156.192.106.91
410,Kacy,Tesyro,ktesyrobd@youku.com,Female,167.23.248.127
411,Osborne,Jamme,ojammebe@goo.ne.jp,Female,177.206.112.223
412,Tedda,Twydell,ttwydellbf@canalblog.com,Non-binary,187.211.104.187
413,Miner,Bagshawe,mbagshawebg@virginia.edu,Genderqueer,182.163.253.18
414,Lacey,Sorsby,lsorsbybh@about.com,Agender,109.246.219.167
415,Matti,Schrir,mschrirbi@time.com,Male,253.118.243.255
416,Jackelyn,Barkess,jbarkessbj@slideshare.net,Genderqueer,84.73.32.151
417,Klemens,Alvar,kalvarbk@aol.com,Male,2.46.159.171
418,Elli,Birdsey,ebirdseybl@usda.gov,Female,93.68.147.216
419,Perkin,Goley,pgoleybm@vk.com,Agender,52.155.165.29
420,Corri,Olsen,colsenbn@japanpost.jp,Bigender,160.23.27.121
421,Stanford,Crayker,scraykerbo@w3.org,Female,94.28.39.188
422,Pancho,Oxby,poxbybp@washington.edu,Female,34.150.39.22
423,Solly,Dudmesh,sdudmeshbq@multiply.com,Agender,246.142.181.68
424,Elwood,Aucott,eaucottbr@canalblog.com,Male,115.42.91.148
425,Liva,Fergie,lfergiebs@jimdo.com,Non-binary,51.173.99.120
426,Gail,Bossel,gbosselbt@cocolog-nifty.com,Polygender,237.60.235.198
427,Jeff,James,jjamesbu@apple.com,Bigender,16.151.117.142
428,Tiphanie,Robinette,trobinettebv@china.com.cn,Non-binary,143.194.129.32
429,Gerri,Wield,gwieldbw@sitemeter.com,Non-binary,125.179.76.134
430,Rafaello,Butler-Bowdon,rbutlerbowdonbx@t.co,Genderfluid,70.240.222.141
431,Annis,Swainger,aswaingerby@quantcast.com,Agender,60.108.187.38
432,Wilt,Sutcliffe,wsutcliffebz@posterous.com,Female,38.60.219.104
433,Philbert,Strowthers,pstrowthersc0@e-recht24.de,Bigender,161.177.196.67
434,Theodore,Rickards,trickardsc1@webmd.com,Genderfluid,50.145.30.100
435,Correna,Harme,charmec2@nasa.gov,Polygender,65.79.67.27
436,Kasey,Leile,kleilec3@privacy.gov.au,Bigender,12.133.211.110
437,Dorian,Wivell,dwivellc4@mozilla.com,Female,149.226.178.162
438,Sheila,Teall,steallc5@shop-pro.jp,Female,135.71.159.129
439,Valma,Hailes,vhailesc6@tamu.edu,Bigender,99.55.60.173
440,Oswald,Tupp,otuppc7@flavors.me,Non-binary,28.246.28.118
441,Annette,Hekkert,ahekkertc8@github.io,Non-binary,114.184.230.132
442,Erika,Berceros,ebercerosc9@google.it,Male,117.227.163.158
443,Kassi,Kingcott,kkingcottca@goo.ne.jp,Female,153.107.104.109
444,Donalt,Edsall,dedsallcb@free.fr,Genderqueer,118.225.165.213
445,Bondon,Aviss,bavisscc@mapy.cz,Male,10.177.17.127
446,Veriee,Eldredge,veldredgecd@github.com,Female,181.197.220.34
447,Josefa,Toma,jtomace@chron.com,Agender,108.19.170.137
448,Marleen,Brumfield,mbrumfieldcf@cmu.edu,Polygender,19.88.213.201
449,Meta,McCullagh,mmccullaghcg@amazon.co.jp,Polygender,109.102.12.31
450,Wells,Jerred,wjerredch@japanpost.jp,Bigender,46.44.147.60
451,Viki,Budik,vbudikci@arizona.edu,Male,73.221.53.255
452,Pavia,Pridmore,ppridmorecj@google.pl,Genderqueer,124.188.9.247
453,Randell,Fetteplace,rfetteplaceck@tripod.com,Non-binary,207.125.119.2
454,Kylie,Buttrey,kbuttreycl@a8.net,Female,147.100.190.98
455,Paloma,Bygrave,pbygravecm@yellowbook.com,Non-binary,224.3.199.70
456,Riccardo,Kidds,rkiddscn@imdb.com,Polygender,133.150.115.97
457,Theodore,Klesel,tkleselco@yolasite.com,Genderfluid,116.220.196.223
458,Hardy,Liddell,hliddellcp@digg.com,Male,206.135.172.6
459,Jaye,Baynon,jbaynoncq@pinterest.com,Genderfluid,254.197.162.149
460,Francois,Rolin,frolincr@xing.com,Genderfluid,87.149.211.95
461,Hasheem,McRonald,hmcronaldcs@bloomberg.com,Bigender,83.247.24.80
462,Deonne,Mungham,dmunghamct@indiegogo.com,Genderqueer,67.215.207.1
463,Towney,Frapwell,tfrapwellcu@canalblog.com,Genderfluid,212.118.182.81
464,Shayna,Linck,slinckcv@a8.net,Male,240.65.133.38
465,Bird,Shetliff,bshetliffcw@spotify.com,Non-binary,175.145.125.41
466,Eryn,Kellogg,ekelloggcx@friendfeed.com,Bigender,180.5.150.103
467,Eden,Ccomini,eccominicy@diigo.com,Female,52.144.201.214
468,Julita,Rosensaft,jrosensaftcz@mapy.cz,Genderqueer,8.218.105.212
469,Valaria,Steart,vsteartd0@goo.gl,Male,135.9.187.77
470,Catharina,Siemens,csiemensd1@sun.com,Bigender,96.127.96.208
471,Josefa,Sodo,jsodod2@studiopress.com,Genderfluid,232.189.241.212
472,Silvio,Jekyll,sjekylld3@wp.com,Genderfluid,24.69.39.45
473,Davida,Labrum,dlabrumd4@gnu.org,Non-binary,158.219.28.163
474,Patricia,Rignold,prignoldd5@yolasite.com,Female,121.130.43.198
475,Kariotta,MacIlwrick,kmacilwrickd6@loc.gov,Agender,88.235.200.111
476,Jarred,Hay,jhayd7@parallels.com,Polygender,33.16.14.137
477,Nananne,Tummasutti,ntummasuttid8@hud.gov,Polygender,14.30.123.112
478,Dalt,Junifer,djuniferd9@rakuten.co.jp,Female,126.252.106.106
479,Mac,O'Lynn,molynnda@ustream.tv,Female,178.249.54.205
480,Joachim,Allwood,jallwooddb@woothemes.com,Female,48.232.134.246
481,Charline,Knipe,cknipedc@npr.org,Male,219.71.149.154
482,Lanna,Grindrod,lgrindroddd@domainmarket.com,Agender,74.96.165.191
483,Elicia,Dunning,edunningde@un.org,Non-binary,237.226.180.105
484,Wiatt,Chadbourn,wchadbourndf@ft.com,Non-binary,131.83.148.158
485,Emylee,Sparks,esparksdg@aboutads.info,Agender,71.95.225.201
486,Bent,Patkin,bpatkindh@epa.gov,Bigender,213.237.116.243
487,Afton,Evesque,aevesquedi@newyorker.com,Female,127.198.124.67
488,Carson,Marvin,cmarvindj@java.com,Agender,152.108.18.33
489,Sheila,Burtenshaw,sburtenshawdk@xing.com,Bigender,45.125.129.69
490,Kinna,Sewards,ksewardsdl@tmall.com,Male,98.131.218.22
491,Brit,Southward,bsouthwarddm@theatlantic.com,Female,226.155.48.17
492,Glendon,Picheford,gpicheforddn@reuters.com,Genderqueer,60.212.79.18
493,Monique,Yorkston,myorkstondo@pen.io,Agender,119.99.217.35
494,Falkner,Castri,fcastridp@ehow.com,Non-binary,234.142.157.111
495,Arel,Celier,acelierdq@pcworld.com,Female,158.134.234.72
496,Josefa,Bernat,jbernatdr@sciencedirect.com,Polygender,248.144.182.7
497,Kalindi,Studdal,kstuddalds@biglobe.ne.jp,Polygender,162.191.224.145
498,Dallon,Poynton,dpoyntondt@123-reg.co.uk,Female,147.1.221.217
499,Gail,Mattin,gmattindu@timesonline.co.uk,Female,233.59.193.0
500,Aurelea,Hambatch,ahambatchdv@paypal.com,Genderfluid,19.211.181.13
501,Leyla,Cregg,lcreggdw@state.tx.us,Male,16.145.91.12
502,Jen,Wyles,jwylesdx@163.com,Non-binary,213.219.94.1
503,Donia,Widdowson,dwiddowsondy@bbc.co.uk,Genderfluid,81.147.66.78
504,Somerset,Doppler,sdopplerdz@miitbeian.gov.cn,Non-binary,145.29.117.170
505,Zacharie,O'Corrin,zocorrine0@nytimes.com,Genderfluid,151.190.225.108
506,Romain,Steffans,rsteffanse1@cbsnews.com,Female,69.252.201.28
507,Lonnie,Bastick,lbasticke2@feedburner.com,Male,63.232.9.19
508,Krisha,Ditchett,kditchette3@ycombinator.com,Polygender,45.208.123.79
509,Rickard,Feige,rfeigee4@stumbleupon.com,Female,237.19.22.139
510,Jo,Kay,jkaye5@upenn.edu,Male,38.29.228.179
511,Wanids,Thickens,wthickense6@privacy.gov.au,Genderqueer,122.68.4.217
512,Mora,Candwell,mcandwelle7@exblog.jp,Female,28.230.145.189
513,Lucie,O'Donovan,lodonovane8@loc.gov,Polygender,41.179.128.145
514,Lonni,Antyukhin,lantyukhine9@geocities.jp,Female,84.175.215.177
515,Nickola,Chinn,nchinnea@cnet.com,Female,186.193.59.152
516,Datha,Cato,dcatoeb@webeden.co.uk,Genderqueer,194.73.200.76
517,Kaja,Sabben,ksabbenec@taobao.com,Genderqueer,199.88.181.173
518,Freddie,Crosson,fcrossoned@thetimes.co.uk,Polygender,35.217.188.23
519,Foster,Gerin,fgerinee@china.com.cn,Male,12.117.170.2
520,Willetta,Sywell,wsywellef@salon.com,Agender,243.254.184.6
521,Elsey,Delagnes,edelagneseg@arizona.edu,Bigender,104.95.67.221
522,Arden,Cockle,acockleeh@examiner.com,Genderfluid,56.212.181.235
523,Conant,Smalman,csmalmanei@va.gov,Non-binary,92.173.21.88
524,Kittie,Corkish,kcorkishej@bravesites.com,Bigender,180.29.145.254
525,Felita,McCart,fmccartek@tuttocitta.it,Female,219.84.53.106
526,Merola,Cullinane,mcullinaneel@163.com,Genderfluid,199.63.83.237
527,Moyna,Phettiplace,mphettiplaceem@addtoany.com,Genderqueer,139.209.37.239
528,Melissa,Georgescu,mgeorgescuen@flavors.me,Male,158.5.140.191
529,Carlee,Forton,cfortoneo@youku.com,Polygender,14.251.154.49
530,Lucine,Grabert,lgrabertep@csmonitor.com,Bigender,224.210.71.155
531,Valenka,Pollard,vpollardeq@springer.com,Bigender,40.164.168.228
532,Elyse,Tilburn,etilburner@liveinternet.ru,Genderqueer,22.57.196.26
533,Egan,Managh,emanaghes@webmd.com,Polygender,254.190.66.215
534,Noell,O' Mara,nomaraet@purevolume.com,Agender,80.132.123.114
535,Loree,Ortelt,lortelteu@tinypic.com,Female,202.134.14.105
536,Christoffer,Snalom,csnalomev@skype.com,Genderqueer,23.209.37.8
537,Wolf,Pavkovic,wpavkovicew@wp.com,Male,196.69.177.94
538,Polly,Banishevitz,pbanishevitzex@mediafire.com,Female,146.85.146.40
539,Daron,Crockley,dcrockleyey@hp.com,Agender,31.130.225.58
540,Ernesto,Brumfield,ebrumfieldez@infoseek.co.jp,Male,99.82.252.251
541,Christiane,Durrand,cdurrandf0@hubpages.com,Non-binary,240.229.178.29
542,Courtney,Loader,cloaderf1@ehow.com,Polygender,137.87.67.61
543,Page,Peppard,ppeppardf2@spotify.com,Non-binary,138.89.127.183
544,Raphael,Cockrell,rcockrellf3@xinhuanet.com,Genderqueer,50.99.104.46
545,Bing,Leeburne,bleeburnef4@reddit.com,Bigender,37.29.236.237
546,Lira,Pawden,lpawdenf5@google.com,Agender,164.236.234.169
547,Kerrie,Alvy,kalvyf6@shareasale.com,Male,150.10.192.84
548,Adair,Bickle,abicklef7@tumblr.com,Agender,152.0.6.134
549,Langsdon,Hargreves,lhargrevesf8@github.io,Genderfluid,242.255.32.253
550,Bette,Wollaston,bwollastonf9@paypal.com,Male,26.181.218.207
551,Koo,Joice,kjoicefa@latimes.com,Bigender,22.4.106.2
552,Granthem,Vallentin,gvallentinfb@about.me,Female,178.192.163.245
553,Ainslie,Scourfield,ascourfieldfc@epa.gov,Agender,158.56.26.162
554,Burty,Stonier,bstonierfd@answers.com,Female,88.179.1.72
555,Dominick,Inold,dinoldfe@google.nl,Male,152.157.212.189
556,Eolanda,Maykin,emaykinff@mysql.com,Bigender,101.162.135.94
557,Ronni,Plastow,rplastowfg@scientificamerican.com,Genderqueer,94.143.113.149
558,Ashleigh,Pasterfield,apasterfieldfh@biglobe.ne.jp,Polygender,192.247.6.89
559,Ker,Blaza,kblazafi@shinystat.com,Male,212.230.174.34
560,Atlanta,Senior,aseniorfj@skyrock.com,Genderqueer,96.90.232.105
561,Ayn,Tetther,atettherfk@google.nl,Bigender,68.80.188.32
562,Bennie,Bysh,bbyshfl@about.me,Polygender,241.187.222.65
563,Bertrando,Sheirlaw,bsheirlawfm@hao123.com,Polygender,10.98.175.174
564,Ailbert,Weakley,aweakleyfn@github.com,Polygender,153.240.118.231
565,Katheryn,Corradini,kcorradinifo@51.la,Non-binary,228.149.160.153
566,Adelaida,Bartkiewicz,abartkiewiczfp@rambler.ru,Genderfluid,219.153.171.8
567,Lory,Winsom,lwinsomfq@utexas.edu,Agender,242.114.147.189
568,Glenn,Possek,gpossekfr@cdc.gov,Polygender,38.150.202.222
569,Adi,Parken,aparkenfs@seattletimes.com,Male,183.156.90.52
570,Veda,Rennicks,vrennicksft@youtube.com,Female,187.123.236.36
571,Rudolf,Lohrensen,rlohrensenfu@mashable.com,Agender,179.252.225.58
572,Shanta,Spaughton,sspaughtonfv@booking.com,Male,20.219.26.191
573,Niels,Rubenfeld,nrubenfeldfw@webmd.com,Genderqueer,174.190.86.173
574,Fitz,Gillis,fgillisfx@pen.io,Polygender,172.98.137.148
575,Maybelle,Gunstone,mgunstonefy@desdev.cn,Female,239.105.159.135
576,Gualterio,Crosham,gcroshamfz@admin.ch,Female,242.147.229.199
577,Ariel,MacFadyen,amacfadyeng0@guardian.co.uk,Genderfluid,74.17.146.154
578,Sorcha,Russam,srussamg1@berkeley.edu,Bigender,68.104.71.103
579,Reese,Prattington,rprattingtong2@va.gov,Genderfluid,113.210.39.60
580,Van,Leitch,vleitchg3@redcross.org,Genderqueer,251.100.28.90
581,Nealon,Kniveton,nknivetong4@amazonaws.com,Genderqueer,174.48.86.76
582,Freeman,Cunradi,fcunradig5@seesaa.net,Genderqueer,106.246.208.101
583,Theo,Spurman,tspurmang6@mtv.com,Female,209.182.110.181
584,Teodoor,McElree,tmcelreeg7@so-net.ne.jp,Genderqueer,69.249.246.91
585,Isador,Peniello,ipeniellog8@forbes.com,Genderqueer,3.214.75.35
586,Gusella,Frude,gfrudeg9@psu.edu,Agender,138.60.239.235
587,Rosalynd,Simeons,rsimeonsga@icio.us,Polygender,123.242.1.223
588,Olivier,Grinikhin,ogrinikhingb@seesaa.net,Genderfluid,221.221.196.143
589,Brooke,Grigg,bgrigggc@telegraph.co.uk,Agender,37.118.95.89
590,Harold,Culkin,hculkingd@google.fr,Genderqueer,124.233.25.16
591,Fredelia,Biglin,fbiglinge@theguardian.com,Agender,65.182.235.36
592,Deana,Palleske,dpalleskegf@shutterfly.com,Genderfluid,61.189.75.25
593,Merle,Tradewell,mtradewellgg@dailymotion.com,Agender,156.107.52.192
594,Gran,Branney,gbranneygh@zimbio.com,Agender,87.85.36.168
595,Mady,Rosborough,mrosboroughgi@mlb.com,Genderqueer,202.11.129.155
596,Olenolin,Balm,obalmgj@intel.com,Male,72.117.200.52
597,Zenia,Dunderdale,zdunderdalegk@unc.edu,Bigender,117.222.161.13
598,Vonnie,Roebottom,vroebottomgl@hp.com,Agender,223.189.43.25
599,Rose,Challens,rchallensgm@blogspot.com,Genderfluid,60.96.150.197
600,Shandee,Gegg,sgegggn@4shared.com,Polygender,185.253.88.7
601,Dona,Halifax,dhalifaxgo@wix.com,Genderfluid,109.153.89.162
602,Gaylor,Oakeby,goakebygp@google.ru,Male,45.163.61.254
603,Bobbye,Oneill,boneillgq@aol.com,Male,129.197.30.53
604,Blanch,Prandin,bprandingr@infoseek.co.jp,Agender,106.92.204.12
605,Bliss,Orpin,borpings@biblegateway.com,Polygender,128.64.82.54
606,Fleming,Ferencowicz,fferencowiczgt@globo.com,Genderfluid,115.165.110.221
607,Sharl,Kippen,skippengu@cbc.ca,Non-binary,232.66.235.27
608,Zorine,Fox,zfoxgv@ftc.gov,Bigender,234.163.42.26
609,Gloriana,Vink,gvinkgw@redcross.org,Genderqueer,163.160.93.43
610,Maurene,Krysztowczyk,mkrysztowczykgx@hexun.com,Genderqueer,161.175.189.117
611,Henriette,Grinnikov,hgrinnikovgy@mtv.com,Genderfluid,166.78.14.59
612,Sherrie,Kee,skeegz@yahoo.co.jp,Bigender,132.54.120.132
613,Osborn,O'Callaghan,oocallaghanh0@nba.com,Agender,0.159.174.192
614,Barry,Andrieux,bandrieuxh1@spotify.com,Non-binary,193.8.104.39
615,Tully,Meeron,tmeeronh2@home.pl,Bigender,224.69.20.84
616,Reed,Thurman,rthurmanh3@photobucket.com,Non-binary,103.71.63.224
617,Ellwood,Angerstein,eangersteinh4@netscape.com,Genderqueer,85.24.131.36
618,Corilla,Castello,ccastelloh5@nationalgeographic.com,Polygender,216.106.3.52
619,Juliane,Label,jlabelh6@time.com,Female,22.3.11.182
620,Codie,Fitchen,cfitchenh7@cyberchimps.com,Bigender,73.181.232.73
621,Prentice,Jaffa,pjaffah8@dyndns.org,Genderfluid,3.64.195.106
622,Carmelle,Suggate,csuggateh9@army.mil,Polygender,38.86.154.90
623,Hazel,Lattey,hlatteyha@unc.edu,Polygender,145.125.205.214
624,Ashlie,Bartomieu,abartomieuhb@exblog.jp,Female,4.20.69.127
625,Charline,Yarwood,cyarwoodhc@cargocollective.com,Agender,160.113.45.233
626,Arni,Young,ayounghd@wix.com,Bigender,188.161.60.88
627,Irwinn,Owers,iowershe@altervista.org,Polygender,55.69.30.130
628,Annadiane,Cominoli,acominolihf@yandex.ru,Female,72.207.239.183
629,Rina,Drohane,rdrohanehg@fc2.com,Genderqueer,174.216.94.136
630,Merna,Zanolli,mzanollihh@forbes.com,Genderqueer,104.91.146.15
631,Phip,Tetla,ptetlahi@angelfire.com,Genderqueer,149.32.132.167
632,Matthus,Wyche,mwychehj@taobao.com,Genderfluid,98.42.190.175
633,Fran,Royste,froystehk@home.pl,Non-binary,3.56.255.63
634,Anita,Tugman,atugmanhl@liveinternet.ru,Genderqueer,25.16.151.201
635,Aridatha,Allsopp,aallsopphm@discovery.com,Polygender,148.68.159.241
636,Jeannie,Stegell,jstegellhn@homestead.com,Polygender,229.174.19.236
637,Madeleine,Kingswood,mkingswoodho@disqus.com,Agender,136.44.246.166
638,Monti,Joincey,mjoinceyhp@diigo.com,Female,141.170.13.191
639,Hildy,Stollwerk,hstollwerkhq@narod.ru,Polygender,154.240.222.234
640,Elsi,Spottiswood,espottiswoodhr@people.com.cn,Genderfluid,182.169.65.233
641,Lance,Davidoff,ldavidoffhs@xrea.com,Agender,92.148.34.223
642,Sonya,Schafer,sschaferht@amazon.com,Agender,141.179.196.173
643,Marlee,McCrackan,mmccrackanhu@virginia.edu,Genderfluid,42.253.152.209
644,Lina,McHarry,lmcharryhv@studiopress.com,Genderqueer,237.85.225.227
645,Shani,Hamfleet,shamfleethw@drupal.org,Genderfluid,198.149.161.242
646,Yolanda,Bleyman,ybleymanhx@hatena.ne.jp,Female,198.67.158.82
647,Aindrea,Canape,acanapehy@answers.com,Male,8.56.45.27
648,Lind,Shinfield,lshinfieldhz@washingtonpost.com,Polygender,200.64.72.91
649,Tamas,Downage,tdownagei0@independent.co.uk,Genderfluid,68.120.182.78
650,Siobhan,Meggison,smeggisoni1@wufoo.com,Polygender,143.84.39.113
651,Jaclin,Jepp,jjeppi2@dot.gov,Genderfluid,204.92.153.115
652,Zacharia,Guiducci,zguiduccii3@dropbox.com,Genderfluid,129.101.229.25
653,Shay,Pooly,spoolyi4@phoca.cz,Bigender,78.2.173.136
654,Georgie,Spinetti,gspinettii5@yahoo.co.jp,Genderfluid,203.163.213.190
655,Jessalyn,Cowsby,jcowsbyi6@slate.com,Polygender,79.25.242.77
656,Britta,Pibsworth,bpibsworthi7@cyberchimps.com,Bigender,58.244.21.191
657,Lois,Cary,lcaryi8@yellowpages.com,Polygender,71.105.225.80
658,Ivan,Cleef,icleefi9@gravatar.com,Male,187.160.204.42
659,Sunshine,Dunsmuir,sdunsmuiria@mac.com,Non-binary,119.188.49.238
660,Brantley,Noyce,bnoyceib@newyorker.com,Male,144.238.4.182
661,Fawn,Foucar,ffoucaric@ucla.edu,Polygender,72.81.236.148
662,Ingeborg,Schuricht,ischurichtid@dedecms.com,Bigender,29.182.254.134
663,Nataniel,Cumpton,ncumptonie@harvard.edu,Male,101.55.35.206
664,Aila,Gurry,agurryif@webs.com,Female,211.169.86.143
665,Kata,Furze,kfurzeig@microsoft.com,Non-binary,172.42.223.132
666,Lorita,Emson,lemsonih@mashable.com,Bigender,186.119.130.37
667,Tracee,Colhoun,tcolhounii@google.co.jp,Genderfluid,60.25.221.27
668,Daffie,Bicksteth,dbickstethij@home.pl,Polygender,43.16.10.165
669,Dudley,Sibery,dsiberyik@list-manage.com,Bigender,244.140.255.184
670,Vikky,Worsom,vworsomil@wikimedia.org,Polygender,154.150.185.35
671,Una,Kiljan,ukiljanim@lycos.com,Polygender,68.96.254.81
672,Maudie,Schleswig-Holstein,mschleswigholsteinin@tripadvisor.com,Genderqueer,111.89.130.174
673,Orland,Lorence,olorenceio@xrea.com,Agender,112.241.5.120
674,Eadith,De Ambrosi,edeambrosiip@tuttocitta.it,Genderfluid,196.0.106.157
675,Howard,McIlraith,hmcilraithiq@nyu.edu,Genderqueer,89.7.166.238
676,Nathan,Floch,nflochir@amazon.co.jp,Male,118.244.19.111
677,Efrem,Sokale,esokaleis@businessweek.com,Polygender,76.19.87.178
678,Kimbra,Spinks,kspinksit@guardian.co.uk,Male,97.120.183.127
679,Antoinette,Vlasenko,avlasenkoiu@state.tx.us,Genderqueer,200.36.206.235
680,Tiphany,Wigfall,twigfalliv@time.com,Genderqueer,230.132.105.26
681,Malvina,Dabnot,mdabnotiw@t.co,Genderfluid,162.156.223.218
682,Jobina,Natalie,jnatalieix@edublogs.org,Genderfluid,41.207.220.134
683,Violette,Facchini,vfacchiniiy@google.co.jp,Male,248.50.140.124
684,Noreen,O'Teague,noteagueiz@jugem.jp,Non-binary,74.121.219.101
685,Pepi,Godfray,pgodfrayj0@biblegateway.com,Bigender,115.51.8.255
686,Duff,Peacham,dpeachamj1@dion.ne.jp,Agender,43.109.179.8
687,Aleksandr,Dumbleton,adumbletonj2@amazon.de,Male,173.127.184.114
688,Daniele,Seywood,dseywoodj3@home.pl,Female,240.117.179.67
689,Nadiya,Muttitt,nmuttittj4@yellowpages.com,Bigender,237.28.120.123
690,Madge,Feldmann,mfeldmannj5@gov.uk,Genderfluid,106.27.64.93
691,Adriena,McRory,amcroryj6@cbc.ca,Genderfluid,102.107.53.126
692,Kenn,Wodham,kwodhamj7@gizmodo.com,Genderqueer,76.108.204.172
693,Teodoor,Le Surf,tlesurfj8@dion.ne.jp,Female,217.76.136.83
694,Bernadine,Shevlane,bshevlanej9@huffingtonpost.com,Female,195.94.126.68
695,Tiebold,Finlaison,tfinlaisonja@timesonline.co.uk,Genderqueer,116.70.44.240
696,Ddene,Dysert,ddysertjb@nih.gov,Non-binary,136.246.28.200
697,Frieda,Osselton,fosseltonjc@illinois.edu,Genderqueer,75.124.225.203
698,Chickie,Osler,coslerjd@foxnews.com,Male,160.174.178.26
699,Roz,Ruddoch,rruddochje@boston.com,Non-binary,44.106.191.250
700,Melisa,Whiteway,mwhitewayjf@uiuc.edu,Agender,146.88.159.37
701,Gustavo,Flaws,gflawsjg@comcast.net,Polygender,29.147.99.182
702,Idaline,Cassin,icassinjh@sina.com.cn,Female,242.189.225.113
703,Garrard,Spedding,gspeddingji@ebay.com,Non-binary,45.176.202.48
704,Linnie,Layfield,llayfieldjj@slate.com,Genderfluid,178.226.132.221
705,Julissa,Gwinnett,jgwinnettjk@google.de,Genderqueer,133.234.150.190
706,Tremaine,Vowles,tvowlesjl@123-reg.co.uk,Bigender,99.90.105.31
707,Brion,Yantsev,byantsevjm@usa.gov,Agender,253.235.228.107
708,Wallis,Iorns,wiornsjn@prnewswire.com,Agender,155.204.188.101
709,Elfrida,Van der Beken,evanderbekenjo@constantcontact.com,Agender,198.242.41.162
710,Flore,Dilland,fdillandjp@4shared.com,Non-binary,217.124.63.202
711,Suellen,Sallis,ssallisjq@wikia.com,Genderqueer,129.213.49.219
712,Ray,Pharo,rpharojr@mediafire.com,Bigender,192.70.209.162
713,Ware,Garrat,wgarratjs@cnet.com,Polygender,106.228.36.148
714,Vanni,Balazot,vbalazotjt@etsy.com,Bigender,53.164.28.96
715,Mariana,Coleshill,mcoleshillju@ihg.com,Female,120.130.112.11
716,Lindsay,Routley,lroutleyjv@merriam-webster.com,Female,104.203.102.188
717,Cari,Canadas,ccanadasjw@stanford.edu,Non-binary,8.72.40.221
718,Dinah,Furmonger,dfurmongerjx@wordpress.org,Non-binary,84.15.255.117
719,August,Soltan,asoltanjy@wiley.com,Genderqueer,251.158.7.14
720,Anthia,Klein,akleinjz@domainmarket.com,Bigender,206.108.9.14
721,Jaye,Banner,jbannerk0@businessweek.com,Agender,228.118.187.220
722,Veronika,Trolley,vtrolleyk1@exblog.jp,Male,211.87.79.159
723,Shannen,Pestor,spestork2@de.vu,Male,155.245.20.17
724,Fidole,Sazio,fsaziok3@dropbox.com,Bigender,96.216.80.30
725,Gerda,Tootal,gtootalk4@4shared.com,Female,102.23.19.243
726,Bertha,Sherwood,bsherwoodk5@ucoz.com,Non-binary,122.240.117.216
727,Arv,Ivakhno,aivakhnok6@myspace.com,Polygender,56.111.23.250
728,Wileen,Scogings,wscogingsk7@sciencedirect.com,Bigender,37.219.181.61
729,Humbert,Becerra,hbecerrak8@google.com,Female,69.29.171.113
730,Berry,Gotliffe,bgotliffek9@theatlantic.com,Bigender,47.220.17.15
731,Juditha,Graalmans,jgraalmanska@ifeng.com,Genderfluid,192.26.80.49
732,Perla,McIlriach,pmcilriachkb@sourceforge.net,Female,160.216.145.198
733,Brig,Gregson,bgregsonkc@squarespace.com,Polygender,188.42.62.72
734,Darryl,Woodland,dwoodlandkd@squidoo.com,Agender,68.121.24.246
735,Karole,Blazey,kblazeyke@exblog.jp,Genderqueer,35.32.40.244
736,Avery,Gooderham,agooderhamkf@alibaba.com,Genderfluid,203.252.37.220
737,Tate,Picton,tpictonkg@utexas.edu,Agender,99.88.12.75
738,Eloise,Deare,edearekh@ezinearticles.com,Polygender,46.11.148.136
739,Tobit,Haxell,thaxellki@eepurl.com,Bigender,211.133.106.68
740,Kenneth,Rice,kricekj@samsung.com,Genderqueer,120.104.80.127
741,Dru,Facher,dfacherkk@paginegialle.it,Female,52.130.45.175
742,Selle,Rubenfeld,srubenfeldkl@1688.com,Female,45.131.175.15
743,Kevon,Bullus,kbulluskm@bing.com,Genderfluid,134.119.236.10
744,Pammy,Sprigg,pspriggkn@tripadvisor.com,Agender,157.52.58.92
745,Chicky,Halbert,chalbertko@ebay.co.uk,Non-binary,79.129.143.119
746,Branden,Gershom,bgershomkp@diigo.com,Non-binary,215.179.57.10
747,Rickie,Machon,rmachonkq@naver.com,Non-binary,98.32.109.175
748,Gray,Postill,gpostillkr@psu.edu,Polygender,56.121.56.226
749,Lorettalorna,Tuer,ltuerks@reddit.com,Genderqueer,241.82.170.34
750,Clair,Arstall,carstallkt@skyrock.com,Agender,247.95.24.9
751,Alfredo,Iwanowicz,aiwanowiczku@reuters.com,Genderqueer,152.179.212.248
752,Rora,Pearcehouse,rpearcehousekv@spiegel.de,Genderqueer,176.69.32.142
753,Gnni,Scoffham,gscoffhamkw@irs.gov,Female,223.195.203.226
754,Fonzie,Rottcher,frottcherkx@howstuffworks.com,Bigender,106.75.81.137
755,Bobbie,Tapper,btapperky@wp.com,Genderfluid,155.65.16.228
756,Marylinda,Burgwin,mburgwinkz@chronoengine.com,Bigender,68.233.43.198
757,Lesly,Longden,llongdenl0@last.fm,Agender,37.142.111.229
758,Drucy,Jenken,djenkenl1@buzzfeed.com,Agender,19.69.116.217
759,Karoly,Abramovitz,kabramovitzl2@webeden.co.uk,Genderfluid,215.237.54.33
760,Dana,Maton,dmatonl3@narod.ru,Agender,233.216.117.196
761,Jacquelyn,Barrus,jbarrusl4@psu.edu,Agender,158.222.37.142
762,Richard,Moen,rmoenl5@usgs.gov,Polygender,180.61.206.151
763,Riccardo,Whopples,rwhopplesl6@godaddy.com,Bigender,106.181.210.98
764,Dena,Dosedale,ddosedalel7@wisc.edu,Bigender,14.20.224.90
765,Valencia,Hambribe,vhambribel8@nytimes.com,Male,208.248.171.84
766,Fredrick,Aspland,fasplandl9@google.co.jp,Female,247.65.234.39
767,Janella,Bernardy,jbernardyla@spotify.com,Male,48.54.191.177
768,Ava,Azema,aazemalb@house.gov,Genderqueer,16.177.131.186
769,Norman,Nock,nnocklc@joomla.org,Genderfluid,249.251.233.165
770,Rita,McGilbon,rmcgilbonld@hud.gov,Polygender,98.192.67.76
771,Binni,Colt,bcoltle@dmoz.org,Polygender,33.176.103.50
772,Tresa,Voice,tvoicelf@wikispaces.com,Agender,32.230.38.99
773,Elsa,Goldwater,egoldwaterlg@ftc.gov,Polygender,47.42.151.72
774,Florie,Sturte,fsturtelh@dyndns.org,Bigender,220.139.117.227
775,Vida,Laxtonne,vlaxtonneli@w3.org,Polygender,227.134.63.227
776,Jemimah,Osban,josbanlj@edublogs.org,Bigender,195.96.194.245
777,Josephina,Ravillas,jravillaslk@xinhuanet.com,Non-binary,155.217.236.248
778,Tobit,Knoles,tknolesll@mit.edu,Non-binary,82.210.181.125
779,Jere,Sandison,jsandisonlm@yellowbook.com,Genderqueer,71.181.101.158
780,Tricia,Hubbucke,thubbuckeln@amazon.com,Agender,160.47.133.161
781,Krissy,Moxstead,kmoxsteadlo@free.fr,Agender,63.67.220.77
782,Damian,Gibby,dgibbylp@networkadvertising.org,Female,184.126.109.206
783,Cristabel,Dunguy,cdunguylq@google.com.hk,Female,55.211.228.209
784,Alister,Pennino,apenninolr@scientificamerican.com,Bigender,115.97.62.191
785,Braden,Dowson,bdowsonls@ibm.com,Genderqueer,149.56.165.202
786,Homer,McMylor,hmcmylorlt@nature.com,Non-binary,148.2.197.110
787,Kathi,Tregido,ktregidolu@sciencedirect.com,Agender,144.236.233.177
788,Karlen,Pearch,kpearchlv@tuttocitta.it,Genderqueer,144.70.41.155
789,Charisse,Sim,csimlw@theguardian.com,Non-binary,13.240.104.138
790,Ingamar,Ortiger,iortigerlx@bravesites.com,Genderfluid,47.74.51.247
791,Daisy,Swatridge,dswatridgely@desdev.cn,Male,71.247.190.143
792,Lorrie,Kisting,lkistinglz@chron.com,Genderqueer,195.113.183.5
793,Pietro,Iorio,pioriom0@wikipedia.org,Agender,71.162.78.93
794,Max,Lowery,mlowerym1@phoca.cz,Genderqueer,212.113.250.28
795,Aindrea,Glaserman,aglasermanm2@simplemachines.org,Male,89.159.32.148
796,Lorinda,O'Neal,lonealm3@arstechnica.com,Non-binary,202.60.159.240
797,Eadmund,Sarfati,esarfatim4@topsy.com,Polygender,36.73.10.126
798,Paton,Wyd,pwydm5@ebay.co.uk,Polygender,175.164.58.18
799,Kristopher,Behan,kbehanm6@unesco.org,Bigender,157.109.252.128
800,Alasdair,Jozwik,ajozwikm7@people.com.cn,Genderqueer,121.202.176.182
801,Aleksandr,Minster,aminsterm8@hibu.com,Female,242.58.132.125
802,Wolfy,Renon,wrenonm9@skype.com,Genderfluid,226.227.45.44
803,Clarisse,Etheredge,cetheredgema@toplist.cz,Female,107.73.107.100
804,Tamara,Cheves,tchevesmb@smh.com.au,Male,10.58.31.89
805,Myrta,Pasek,mpasekmc@woothemes.com,Non-binary,200.72.44.1
806,Joel,Revie,jreviemd@comsenz.com,Bigender,50.127.84.180
807,Roana,Smither,rsmitherme@yahoo.com,Polygender,13.26.78.16
808,Tiffy,Yeates,tyeatesmf@google.com,Polygender,72.183.233.163
809,Odey,Linkie,olinkiemg@wix.com,Bigender,58.197.223.37
810,Mora,Kewley,mkewleymh@ucla.edu,Bigender,1.207.109.196
811,Layton,People,lpeoplemi@qq.com,Bigender,163.78.234.183
812,Hendrick,Amys,hamysmj@whitehouse.gov,Male,249.247.48.151
813,Aveline,Tucsell,atucsellmk@reddit.com,Female,179.132.13.117
814,Susi,Craske,scraskeml@scientificamerican.com,Male,129.6.170.26
815,Cybill,Sanbrook,csanbrookmm@t.co,Non-binary,173.187.173.138
816,Alma,Du Plantier,aduplantiermn@liveinternet.ru,Polygender,254.168.247.93
817,Roxanna,MacCague,rmaccaguemo@shinystat.com,Genderqueer,140.218.129.194
818,Edithe,Langmead,elangmeadmp@google.com.au,Agender,120.18.75.38
819,Porty,Cornu,pcornumq@auda.org.au,Polygender,147.76.122.25
820,Norbie,Hilhouse,nhilhousemr@php.net,Female,34.228.229.249
821,Pet,Sieve,psievems@vk.com,Non-binary,172.80.124.65
822,Cam,Cranny,ccrannymt@webmd.com,Bigender,21.247.85.115
823,Joelie,Gorges,jgorgesmu@usgs.gov,Genderfluid,217.141.222.105
824,Sadie,Murthwaite,smurthwaitemv@mozilla.com,Genderfluid,233.192.58.7
825,Moll,Millgate,mmillgatemw@behance.net,Female,101.142.62.181
826,Lainey,Cave,lcavemx@about.com,Polygender,61.166.92.210
827,Hadrian,Infantino,hinfantinomy@jalbum.net,Genderqueer,17.165.119.185
828,Freedman,Morena,fmorenamz@blogtalkradio.com,Genderqueer,0.185.155.130
829,Linnell,Zorzi,lzorzin0@facebook.com,Non-binary,35.237.179.123
830,Iormina,Frear,ifrearn1@tmall.com,Genderfluid,108.132.239.26
831,Granger,Lossman,glossmann2@sbwire.com,Male,186.65.113.130
832,Nehemiah,Finney,nfinneyn3@shutterfly.com,Male,253.41.134.44
833,Farris,Ferriere,fferrieren4@ca.gov,Polygender,110.231.12.42
834,Edouard,Sivewright,esivewrightn5@bandcamp.com,Bigender,171.201.167.100
835,De witt,Rydzynski,drydzynskin6@google.com.au,Genderfluid,119.202.251.240
836,Kalindi,Birckmann,kbirckmannn7@whitehouse.gov,Polygender,210.201.102.140
837,Charles,Bunting,cbuntingn8@meetup.com,Genderqueer,1.64.243.159
838,Zacherie,Laden,zladenn9@devhub.com,Bigender,214.218.38.36
839,Dulcy,Dolbey,ddolbeyna@infoseek.co.jp,Genderqueer,162.65.55.186
840,Garland,Carville,gcarvillenb@unc.edu,Genderfluid,152.76.41.20
841,Bent,Myton,bmytonnc@sourceforge.net,Genderfluid,152.171.68.166
842,Aleen,Ecob,aecobnd@altervista.org,Genderfluid,203.176.0.140
843,Tiffani,Spilsted,tspilstedne@hud.gov,Bigender,213.29.232.2
844,Baudoin,Ducaen,bducaennf@google.nl,Female,181.127.179.141
845,Mignonne,Wilks,mwilksng@mtv.com,Polygender,36.98.57.210
846,Rockwell,Ringer,rringernh@ucsd.edu,Polygender,158.33.164.18
847,Kennith,Jantet,kjantetni@ustream.tv,Polygender,21.245.156.10
848,Gustavo,Ruffle,grufflenj@surveymonkey.com,Male,46.34.167.174
849,Tully,De Lisle,tdelislenk@washingtonpost.com,Bigender,110.167.58.22
850,Tripp,De Bernardi,tdebernardinl@tinypic.com,Bigender,76.40.243.31
851,Abra,Conkling,aconklingnm@e-recht24.de,Polygender,198.81.133.158
852,Margareta,Braban,mbrabannn@seattletimes.com,Agender,98.39.220.182
853,Dolli,Plaster,dplasterno@booking.com,Agender,238.17.75.146
854,Minne,Cohen,mcohennp@ustream.tv,Genderqueer,171.100.194.146
855,Joannes,Cowden,jcowdennq@mail.ru,Polygender,194.62.175.62
856,Rory,Lawlor,rlawlornr@va.gov,Polygender,164.203.198.101
857,Franklyn,Rosendall,frosendallns@europa.eu,Polygender,174.97.24.31
858,Aile,McWilliams,amcwilliamsnt@addthis.com,Genderqueer,165.95.92.212
859,Sumner,Eagleston,seaglestonnu@linkedin.com,Polygender,162.126.70.185
860,Pavlov,Yter,pyternv@yahoo.co.jp,Male,121.214.61.92
861,Leisha,Di Biagio,ldibiagionw@about.com,Genderfluid,231.188.164.67
862,Lou,Weaving,lweavingnx@stanford.edu,Non-binary,70.11.167.102
863,Wilone,Pollett,wpollettny@example.com,Bigender,70.226.55.144
864,Faith,Rounsefull,frounsefullnz@edublogs.org,Agender,146.102.196.245
865,Clementius,Copyn,ccopyno0@flavors.me,Agender,189.63.28.178
866,Rahal,Riddall,rriddallo1@cbsnews.com,Female,238.110.138.128
867,Killie,Filon,kfilono2@apple.com,Male,238.91.247.240
868,Nady,Bancroft,nbancrofto3@mapy.cz,Agender,179.17.9.69
869,Faun,Aspenlon,faspenlono4@list-manage.com,Polygender,139.100.209.80
870,Risa,Bettington,rbettingtono5@cbsnews.com,Genderfluid,205.180.184.64
871,Yolanthe,O'Lunny,yolunnyo6@spotify.com,Non-binary,161.158.207.81
872,Lorine,Tzar,ltzaro7@webmd.com,Female,254.165.124.59
873,Devin,Izhaky,dizhakyo8@yahoo.com,Polygender,126.166.152.186
874,Lulu,Paffley,lpaffleyo9@cnbc.com,Genderqueer,152.38.43.62
875,Neville,Dewing,ndewingoa@usnews.com,Genderfluid,183.53.54.64
876,Kaile,Renforth,krenforthob@discuz.net,Bigender,33.14.76.146
877,Myra,Heindrich,mheindrichoc@theglobeandmail.com,Genderqueer,61.244.126.168
878,Benji,Lockier,blockierod@exblog.jp,Genderfluid,141.36.15.246
879,Stacee,Sketchley,ssketchleyoe@comcast.net,Bigender,0.38.12.67
880,Ferguson,Windeatt,fwindeattof@columbia.edu,Non-binary,214.48.23.149
881,Lory,Hutchens,lhutchensog@nydailynews.com,Agender,10.246.214.50
882,Zitella,Brayshay,zbrayshayoh@state.tx.us,Non-binary,30.206.190.45
883,Demott,Grimmer,dgrimmeroi@soup.io,Genderqueer,53.109.162.232
884,Daisie,Rosier,drosieroj@adobe.com,Non-binary,29.71.0.231
885,Edmund,Noye,enoyeok@dion.ne.jp,Female,207.229.82.205
886,Trudi,Paolone,tpaoloneol@berkeley.edu,Genderqueer,181.150.184.154
887,Darby,Pedrozzi,dpedrozziom@webeden.co.uk,Non-binary,85.148.125.255
888,Jade,Ambrogioli,jambrogiolion@mediafire.com,Agender,212.127.24.120
889,Den,Checchetelli,dchecchetellioo@sakura.ne.jp,Non-binary,74.30.26.248
890,Edwina,Guinery,eguineryop@archive.org,Genderfluid,163.154.94.143
891,Shelly,Sandbrook,ssandbrookoq@google.ru,Polygender,94.99.183.38
892,Chiarra,Gold,cgoldor@elpais.com,Genderqueer,86.86.33.194
893,Kipper,Peres,kperesos@godaddy.com,Bigender,144.220.1.123
894,Olly,Cobello,ocobelloot@vk.com,Polygender,89.118.166.86
895,Orlando,Maddick,omaddickou@foxnews.com,Polygender,7.193.5.19
896,Kalina,Austick,kaustickov@nature.com,Bigender,210.219.110.230
897,Jackson,Dickinson,jdickinsonow@blogtalkradio.com,Non-binary,238.18.170.60
898,Inessa,Quartermain,iquartermainox@abc.net.au,Bigender,133.135.210.180
899,Vachel,Rozzell,vrozzelloy@joomla.org,Bigender,93.175.181.103
900,Gavra,Simmen,gsimmenoz@answers.com,Genderfluid,34.176.193.150
901,Phip,Rawlinson,prawlinsonp0@miitbeian.gov.cn,Polygender,52.135.34.213
902,Florian,Deppe,fdeppep1@fda.gov,Non-binary,163.154.49.219
903,Billye,Sedgman,bsedgmanp2@irs.gov,Female,156.218.175.30
904,Sanford,Trevaskis,strevaskisp3@sina.com.cn,Genderqueer,156.8.101.78
905,Fredra,Kettlestringes,fkettlestringesp4@youtube.com,Agender,216.1.73.58
906,Dominique,Beardall,dbeardallp5@jugem.jp,Female,43.3.94.43
907,Arlyne,Warrender,awarrenderp6@hp.com,Non-binary,85.211.224.81
908,Roana,Avery,raveryp7@goodreads.com,Genderqueer,246.45.206.42
909,Delmer,Rubinlicht,drubinlichtp8@google.co.jp,Genderqueer,57.225.6.204
910,Joelle,Pittendreigh,jpittendreighp9@google.com.br,Non-binary,41.107.87.118
911,Selestina,Kilgallon,skilgallonpa@irs.gov,Agender,15.6.224.40
912,Marielle,Halfhyde,mhalfhydepb@exblog.jp,Female,128.160.155.110
913,Mandi,Hamil,mhamilpc@goodreads.com,Male,104.147.108.216
914,Bonnibelle,Wilcot,bwilcotpd@seattletimes.com,Bigender,103.60.127.76
915,Sarge,Coltart,scoltartpe@jiathis.com,Genderqueer,125.5.51.149
916,Carlye,Steketee,csteketeepf@bloglines.com,Agender,253.88.145.178
917,Chen,Licciardello,clicciardellopg@nymag.com,Bigender,85.169.226.70
918,Edy,Gallamore,egallamoreph@drupal.org,Male,130.230.213.104
919,Pate,Guiot,pguiotpi@webmd.com,Female,74.217.43.58
920,Tildi,Ziebart,tziebartpj@timesonline.co.uk,Agender,202.209.127.34
921,Rayna,Tichelaar,rtichelaarpk@businessweek.com,Polygender,22.254.6.129
922,Winnifred,Vallance,wvallancepl@theguardian.com,Genderqueer,251.228.248.9
923,Skipton,Wiltsher,swiltsherpm@loc.gov,Female,184.153.170.224
924,Reggy,Ganing,rganingpn@opensource.org,Non-binary,43.200.51.197
925,Cobby,Buey,cbueypo@wunderground.com,Female,182.61.61.134
926,Brynne,Jenicke,bjenickepp@exblog.jp,Male,153.235.35.236
927,Whitby,Libbey,wlibbeypq@alexa.com,Genderfluid,161.188.48.179
928,Lloyd,LAbbet,llabbetpr@ning.com,Genderfluid,161.62.161.30
929,Joey,Agdahl,jagdahlps@nytimes.com,Male,100.44.222.182
930,Merci,Lauxmann,mlauxmannpt@gnu.org,Genderqueer,187.227.23.199
931,Earvin,Meeke,emeekepu@tmall.com,Female,6.247.80.67
932,Eal,Summersby,esummersbypv@adobe.com,Bigender,64.250.91.156
933,Harlin,Hicken,hhickenpw@cargocollective.com,Genderfluid,138.53.81.70
934,Whitby,Kolyagin,wkolyaginpx@craigslist.org,Non-binary,28.160.169.238
935,Jaine,Kenington,jkeningtonpy@hexun.com,Bigender,51.227.140.17
936,Jaye,Sabate,jsabatepz@auda.org.au,Male,223.14.166.25
937,Philomena,Merrigan,pmerriganq0@abc.net.au,Genderqueer,60.192.220.155
938,Lora,Sibyllina,lsibyllinaq1@arstechnica.com,Genderfluid,135.21.221.179
939,Rube,Showers,rshowersq2@scribd.com,Non-binary,43.9.240.29
940,Iorgos,Ivy,iivyq3@oakley.com,Agender,27.64.83.250
941,Nissa,MacCard,nmaccardq4@opensource.org,Genderfluid,169.120.66.254
942,Jaquenette,Hacaud,jhacaudq5@ibm.com,Male,13.59.81.155
943,Maggee,Jorden,mjordenq6@cnet.com,Non-binary,244.167.119.232
944,Denyse,L'argent,dlargentq7@phoca.cz,Agender,113.30.99.231
945,Claudetta,Duckels,cduckelsq8@liveinternet.ru,Genderfluid,59.37.51.47
946,Raymond,Daintrey,rdaintreyq9@washington.edu,Genderfluid,7.17.223.178
947,Madlin,Capponeer,mcapponeerqa@dailymail.co.uk,Bigender,217.240.90.0
948,Stern,Thurber,sthurberqb@oaic.gov.au,Female,212.52.183.152
949,Allissa,Zambon,azambonqc@usgs.gov,Male,191.171.23.25
950,Karin,Baldetti,kbaldettiqd@mail.ru,Female,226.159.66.211
951,Salvador,Crombleholme,scrombleholmeqe@psu.edu,Non-binary,130.39.164.247
952,Mandy,Matzen,mmatzenqf@google.nl,Bigender,67.60.68.166
953,Mavra,Roughan,mroughanqg@blogger.com,Male,130.221.174.138
954,Zaneta,Davidof,zdavidofqh@comsenz.com,Polygender,90.125.82.57
955,Shanta,Hudghton,shudghtonqi@wikia.com,Non-binary,28.66.25.130
956,Rora,Murdy,rmurdyqj@cbc.ca,Bigender,82.133.114.171
957,Trudey,McEntee,tmcenteeqk@newsvine.com,Genderfluid,38.108.105.79
958,Deina,Butler-Bowdon,dbutlerbowdonql@squarespace.com,Female,221.89.65.92
959,Carine,Corck,ccorckqm@yellowpages.com,Non-binary,131.62.12.185
960,Kean,Eddison,keddisonqn@phoca.cz,Genderqueer,187.47.19.247
961,Fredericka,Murrhaupt,fmurrhauptqo@wunderground.com,Bigender,89.157.127.4
962,Mal,Boss,mbossqp@huffingtonpost.com,Bigender,171.13.52.34
963,Mada,Ley,mleyqq@sogou.com,Male,61.54.40.127
964,Dell,Randlesome,drandlesomeqr@devhub.com,Agender,242.113.167.225
965,Marya,Hannant,mhannantqs@redcross.org,Polygender,17.15.127.97
966,Jarrid,Turle,jturleqt@hc360.com,Female,153.218.33.126
967,Ag,Rumsey,arumseyqu@flavors.me,Agender,23.218.246.213
968,Abelard,Block,ablockqv@networksolutions.com,Male,28.198.28.45
969,Bamby,McMichell,bmcmichellqw@dailymail.co.uk,Genderfluid,226.125.214.122
970,Tabbie,Beeken,tbeekenqx@eepurl.com,Bigender,98.37.193.129
971,Konstanze,Derges,kdergesqy@angelfire.com,Genderqueer,46.68.55.42
972,Carr,Heenan,cheenanqz@reddit.com,Non-binary,212.15.14.113
973,Tessi,Aspel,taspelr0@ehow.com,Genderqueer,76.81.121.144
974,Moises,Ivanishev,mivanishevr1@sbwire.com,Agender,174.190.101.32
975,Barbette,Watmore,bwatmorer2@buzzfeed.com,Male,93.146.53.86
976,Greer,Crowest,gcrowestr3@youtu.be,Male,78.60.143.142
977,Delphinia,Forrestill,dforrestillr4@sourceforge.net,Male,202.195.63.99
978,Urson,Connue,uconnuer5@tuttocitta.it,Male,57.160.236.191
979,Nari,Labeuil,nlabeuilr6@dion.ne.jp,Polygender,2.24.122.147
980,Agnese,Slowgrave,aslowgraver7@ning.com,Genderqueer,58.174.173.66
981,Howey,Mayhow,hmayhowr8@skyrock.com,Female,25.155.206.6
982,Carrissa,Cousen,ccousenr9@gov.uk,Polygender,72.157.1.71
983,Derrek,Tedman,dtedmanra@ovh.net,Non-binary,74.89.186.40
984,Meredith,Jaumet,mjaumetrb@t-online.de,Female,222.63.93.231
985,Berget,Albasini,balbasinirc@marketwatch.com,Non-binary,186.213.113.4
986,Yalonda,Sleeman,ysleemanrd@tuttocitta.it,Male,149.15.104.154
987,Debor,Swale,dswalere@archive.org,Agender,104.82.102.200
988,Timothy,Mauger,tmaugerrf@com.com,Polygender,118.129.9.194
989,Frances,Haslewood,fhaslewoodrg@yolasite.com,Polygender,42.222.85.13
990,Kary,Langtree,klangtreerh@nhs.uk,Female,155.70.244.243
991,Concordia,Smee,csmeeri@mediafire.com,Polygender,23.226.171.211
992,Bradan,Cathesyed,bcathesyedrj@columbia.edu,Genderqueer,195.167.37.248
993,Chan,Mackinder,cmackinderrk@dailymail.co.uk,Polygender,25.3.52.157
994,Frazer,Duddy,fduddyrl@bloglines.com,Bigender,100.127.209.179
995,Matthaeus,Skeel,mskeelrm@cam.ac.uk,Genderqueer,86.249.176.233
996,Danya,Kytter,dkytterrn@sun.com,Agender,181.10.177.18
997,Ronny,Lovelock,rlovelockro@scribd.com,Genderqueer,150.179.79.177
998,Dolores,Pigot,dpigotrp@ox.ac.uk,Genderqueer,101.100.215.112
999,Perry,Pietrowicz,ppietrowiczrq@tripadvisor.com,Genderfluid,137.211.131.158
1000,Davine,Greendale,dgreendalerr@blogs.com,Agender,31.26.217.213
